"app_id","content_count","account_count","download_count","subscription_count","consumable_count","iphone_count","ipad_count","total_revenue"
"002f3775d84a816a",1,895,923,NULL,NULL,NULL,923,8297.769999999953
"018cc526b9da06f6",1,958,994,NULL,NULL,808,186,984.0600000000046
"019008a4dabf7c93",1,4338,5125,NULL,NULL,4061,1064,0
"019606b1e936b000",8,4512,NULL,NULL,5818,4658,1160,69754.820000002
"01968c31d2a1428c",1,977,1013,NULL,NULL,822,191,2015.8700000000067
"021f6810407394d5",1,900,928,NULL,NULL,743,185,918.720000000004
"022590087e963525",1,905,940,NULL,NULL,745,195,3750.600000000007
"0272927f9601f279",6,3480,NULL,NULL,4267,3390,877,25403.3299999993
"027975c0b054e412",2,4896,NULL,NULL,5972,4773,1199,71304.28000000218
"029e0a007e92a9bc",1,4447,5334,NULL,NULL,4298,1036,0
"02c23d9c9e24ebc7",1,871,901,NULL,NULL,727,174,891.9900000000038
"02e3df0ef9f66814",1,956,990,NULL,NULL,798,192,980.1000000000046
"03122e2c6b2a0f2c",1,902,926,NULL,NULL,742,184,1842.7400000000061
"0316691a661d45fb",5,3032,NULL,NULL,3579,2862,717,33088.209999999366
"0348ecd841bcf453",14,6779,NULL,NULL,9800,9800,NULL,118094.00000000227
"0354640a5bec494d",1,4455,5313,NULL,NULL,4269,1044,0
"03600ab88df39a7c",13,6467,NULL,NULL,9291,7436,1855,73605.09000000369
"03c89994dba76ce9",1,908,937,NULL,NULL,747,190,5612.630000000008
"03d1381785f53938",13,6420,NULL,NULL,9294,7395,1899,62227.06000000172
"041f6bdb07385834",1,644,NULL,674,NULL,530,144,12125.25999999993
"0422420e916715d1",1,714,NULL,NULL,749,NULL,749,1490.5100000000045
"0463b9576ed4a84e",7,3836,NULL,NULL,4821,3838,983,8202.78999999976
"049a021945159a99",7,3969,NULL,5043,NULL,4023,1020,52292.56999999959
"04d7461141bb1485",1,4454,5300,NULL,NULL,4246,1054,0
"04fee0296f7a412f",1,905,924,NULL,NULL,743,181,914.760000000004
"055956729b6a3e12",15,7141,NULL,NULL,10650,8477,2173,91079.50000000665
"055d35fb6f7aa0be",1,916,944,NULL,NULL,767,177,1878.5600000000063
"075395dd2e83f99d",1,914,937,NULL,NULL,731,206,7486.62999999997
"07a22aff9fcdb433",1,4341,5161,NULL,NULL,4145,1016,0
"07a4877a07dbfc32",8,4482,NULL,NULL,5750,4647,1103,39222.49999999895
"07a9dd159e1e4f11",1,4476,5294,NULL,NULL,4200,1094,0
"07c5331b4bb4fcb3",4,2347,NULL,NULL,2710,2150,560,20889.899999999594
"07d53efa8e531e15",1,931,963,NULL,NULL,775,188,9620.36999999993
"08a1ebbb1e6e26cd",2,4894,NULL,NULL,6013,NULL,6013,90284.87000000378
"08ab1503fc74e039",2,1316,NULL,NULL,1417,1129,288,8496.829999999922
"08ebcac6843113e2",1,4449,5290,NULL,NULL,4223,1067,0
"092b4a87f6ba45d8",3,1927,NULL,NULL,2170,1729,441,7225.299999999945
"099b3779b121d45b",1,987,1014,NULL,NULL,823,191,2017.860000000007
"09d68620fd4306d1",1,4443,5260,NULL,NULL,4231,1029,0
"0aad2030a0f752cf",1,930,962,NULL,NULL,770,192,952.3800000000043
"0afd6760dc1a9fe6",1,934,970,NULL,NULL,779,191,3870.3000000000075
"0b15ee069f530e3e",2,1301,NULL,NULL,1410,1410,NULL,4595.9000000000115
"0b4aa91ecd1cc9b2",1,939,979,NULL,NULL,772,207,969.2100000000045
"0c204b2454654e0a",1,4449,5257,NULL,NULL,4173,1084,0
"0cdf9b271336fc49",3,1882,NULL,NULL,2126,NULL,2126,40328.73999999961
"0ceab364ddb9372d",3,8620,7971,NULL,1449,9420,NULL,18202.509999999795
"0d21a4afb4a85d04",1,698,NULL,NULL,722,581,141,2158.780000000005
"0d8f5f09ea7a4771",1,668,NULL,NULL,707,581,126,12011.929999999928
"0df610ee99f02286",1,4328,5081,NULL,NULL,NULL,5081,0
"0e42cc6f0bf62c37",6,3484,NULL,NULL,4195,3318,877,28634.04999999929
"0ed448ece48e24cf",1,967,995,NULL,NULL,790,205,985.0500000000046
"0ef0596425605892",1,4305,5118,NULL,NULL,5118,NULL,0
"0f20ec27eafbf872",1,909,942,NULL,NULL,763,179,8468.579999999949
"0f25450d30b3b1c7",1,660,NULL,NULL,697,534,163,14630.029999999913
"0f31693a9cf92cfe",1,907,939,NULL,NULL,760,179,3746.6100000000074
"0f36231f7a415a58",1,4428,5221,NULL,NULL,4139,1082,0
"0f7ae1ef4927d313",1,674,NULL,NULL,701,701,NULL,4899.990000000005
"0ff4f915b86bcc05",3,9338,8796,NULL,1439,8117,2118,10717.60999999987
"0ffd63aaa247ca96",1,4427,5273,NULL,NULL,5273,NULL,0
"1051fd41c9b7dcd8",1,4427,5249,NULL,NULL,5249,NULL,0
"107effe00b27b45f",1,970,1012,NULL,NULL,818,194,3025.880000000008
"1134961829d7044b",1,951,977,NULL,NULL,776,201,6829.229999999986
"11862d2d869936b2",1,925,956,NULL,NULL,956,NULL,7638.439999999966
"11eeb0180ec7a299",1,925,951,NULL,NULL,767,184,941.4900000000042
"11f2ed3f784f60da",1,975,1007,NULL,NULL,784,223,3010.9300000000076
"1302459f88076cd4",1,4388,5191,NULL,NULL,4166,1025,0
"1383e4f2f49f0f44",6,3521,NULL,NULL,4287,NULL,4287,41147.12999999922
"141b1a9eebe0a288",3,1878,NULL,NULL,2108,1660,448,29076.91999999964
"14b7d12a1ad8f54a",1,976,1011,NULL,NULL,1011,NULL,1000.8900000000048
"154790548ced12cb",1,973,1001,NULL,NULL,810,191,3993.9900000000075
"15524d8a9d026bd9",1,954,989,NULL,NULL,773,216,2957.110000000008
"156ead845e4a0913",1,4414,5170,NULL,NULL,4164,1006,0
"158818ceb68f2bc4",1,4373,5205,NULL,NULL,NULL,5205,0
"159fd1d9324c694e",1,945,974,NULL,NULL,761,213,1938.2600000000066
"15c6bb79304881d0",4,2523,NULL,NULL,2918,2356,562,11746.819999999712
"163aae11b6621271",2,1259,NULL,NULL,1365,1093,272,8998.349999999908
"1649db8d1a70a549",10,5430,NULL,NULL,7335,7335,NULL,85482.65000000426
"1661c4ab84c15f23",6,3360,NULL,NULL,4148,3337,811,43746.519999999226
"167a06423fef64e0",1,4345,5119,NULL,NULL,NULL,5119,0
"1692083aa1c43e46",10,5233,NULL,NULL,7012,5608,1404,62289.88000000133
"16a7a0d1764e0000",1,948,977,NULL,NULL,786,191,967.2300000000045
"16d31d9dfda3a50b",1,695,NULL,NULL,727,576,151,1446.7300000000043
"171c61de537c7dc3",1,4460,5306,NULL,NULL,4254,1052,0
"179b8c2769afedcd",1,4296,5058,NULL,NULL,4046,1012,0
"17bad7a3aaf05b74",8,4367,NULL,NULL,5665,4549,1116,62341.35000000108
"17e55d7a47b96b1b",1,658,NULL,NULL,685,685,NULL,3418.150000000005
"18573ca62bdc4b57",1,4374,5174,NULL,NULL,4135,1039,0
"185f89a96df06e73",1,960,983,NULL,NULL,789,194,3922.1700000000073
"18e519b84fff23f0",1,706,NULL,NULL,749,608,141,2239.5100000000057
"192342bdac53bf31",1,952,984,NULL,NULL,806,178,7862.15999999996
"1995c34cd539bfab",1,958,996,NULL,NULL,777,219,2978.0400000000077
"19a1be7ed6731df5",1,4417,5262,NULL,NULL,4186,1076,0
"19c5ea733bc30635",1,950,985,NULL,NULL,782,203,3930.1500000000074
"19e6915880dee3ee",2,1344,NULL,1456,NULL,1162,294,17891.439999999802
"19f5bad0c780fadd",5,2992,NULL,NULL,3559,2887,672,29981.409999999392
"19f612f9c76a7b50",1,4291,5056,NULL,NULL,4072,984,0
"1a462b577799cd26",1,4499,5328,NULL,NULL,4241,1087,0
"1ac2aa9abb7ff134",3,1846,NULL,NULL,2089,1654,435,25532.109999999662
"1b3c24fd1e21631c",4,2404,NULL,NULL,2816,2264,552,17966.839999999607
"1bb4082146261916",1,936,976,NULL,NULL,NULL,976,2918.2400000000075
"1bb53d0092151776",6,3533,NULL,NULL,4296,3429,867,83615.04000000238
"1c4143077be03ab4",1,1020,1049,NULL,NULL,868,181,1038.5100000000052
"1c85ae3c9505ff55",3,1853,NULL,NULL,2103,1696,407,14727.969999999736
"1c924aec69835970",1,964,991,NULL,NULL,785,206,981.0900000000046
"1ca1c173ed0d5491",4,2470,NULL,NULL,2870,2300,570,27306.29999999953
"1d8f023232b59e35",10,5269,NULL,NULL,7046,5651,1395,105855.54000000346
"1ddeb89d1423c5a1",1,928,962,NULL,NULL,780,182,7686.379999999965
"1de64cce342ed583",1,942,972,NULL,NULL,791,181,1934.2800000000066
"1e3ac2b3b7716d41",1,4341,5184,NULL,NULL,4130,1054,0
"1e5c8495cdc34368",2,1335,NULL,NULL,1465,1189,276,3751.3500000000113
"1f0ebd67df5846cd",7,4023,NULL,NULL,4995,4034,961,32044.049999999126
"1f4f23476086aa6d",1,893,919,NULL,NULL,737,182,7342.809999999974
"1f5ac77ba9b7b14b",3,1910,NULL,NULL,2145,1702,443,5589.5500000000175
"1f6c4142d53f86d8",1,4399,5243,NULL,NULL,4141,1102,0
"1f72fced7aab4002",1,923,958,NULL,NULL,778,180,4780.420000000007
"1fd1972ad106745c",4,2429,NULL,NULL,2816,2261,555,50479.83999999972
"1fd999e93822ae8f",1,939,985,NULL,NULL,813,172,975.1500000000045
"2021cf592e5eaaa8",1,4419,5228,NULL,NULL,4167,1061,0
"20262aeee1a2bcc4",1,686,NULL,714,NULL,571,143,17128.859999999902
"2051a38cbf2663cb",1,900,926,NULL,NULL,756,170,1842.7400000000061
"2087754977597cd2",1,913,955,NULL,NULL,955,NULL,6675.449999999991
"20bb60440726e269",1,4390,5196,NULL,NULL,4142,1054,0
"20d332e9f7de7fb4",5,2998,NULL,NULL,3550,2787,763,5687.500000000024
"21ae2d63b7280de1",15,7159,NULL,NULL,10689,10689,NULL,61968.110000001965
"21f34ecab4c8d8cc",1,683,NULL,NULL,713,NULL,713,4983.870000000006
"2202e50f0054aea8",1,4421,5229,NULL,NULL,4175,1054,0
"2206095b9571bb34",1,4443,5283,NULL,NULL,4224,1059,0
"226fcf07ecaae022",4,2376,NULL,NULL,2786,2224,562,37795.1399999995
"22dfac9721b899cb",1,710,NULL,NULL,733,595,138,7322.669999999979
"232fdcdc1b5f28fa",37,11911,NULL,NULL,26259,21033,5226,238078.41000000964
"239594b9d00ab1f2",1,1012,1049,NULL,NULL,855,194,1038.5100000000052
"23b47153229f26d5",1,941,974,NULL,NULL,775,199,4860.2600000000075
"23b54fdccebffeec",1,4374,5188,NULL,NULL,4166,1022,0
"23c9cf062ac3a5ff",4,2417,NULL,NULL,2803,2276,527,30683.969999999514
"23cea33d8d9f5c13",2,1325,NULL,NULL,1436,1164,272,4992.640000000012
"23f6b01fb65ef0d3",1,991,1021,NULL,NULL,813,208,3052.790000000008
"2442d862265b6f81",1,926,951,NULL,NULL,765,186,9500.489999999932
"245b25407572a23d",1,4424,5264,NULL,NULL,4226,1038,0
"2481dcc66bc353c6",1,923,948,NULL,NULL,766,182,938.5200000000042
"24bad5cb9ce4077a",1,731,NULL,NULL,760,595,165,6832.399999999989
"24dc46be39de206d",1,4480,5267,NULL,NULL,NULL,5267,0
"24e4d0b8499ede01",1,4381,5176,NULL,NULL,4179,997,0
"250954bbc6db8690",1,1013,1040,NULL,NULL,815,225,2069.600000000007
"256332e10f00f9a9",2,1261,NULL,NULL,1387,NULL,1387,8871.129999999917
"256815762801c270",1,976,998,NULL,NULL,796,202,4980.020000000008
"256fdfb7f110187e",3,1876,NULL,NULL,2101,1682,419,33722.98999999963
"25d70474e74f37d6",1,922,960,NULL,NULL,758,202,950.4000000000043
"26172ccff1b49390",1,4327,5158,NULL,NULL,4151,1007,0
"261bbfba81528048",3,1898,NULL,NULL,2141,1714,427,8524.589999999882
"26b65e9fe295d2c1",1,4322,5124,NULL,NULL,4075,1049,0
"26dbb2eca11d3edb",7,3929,NULL,NULL,4980,3962,1018,49446.19999999937
"26e319612f771cb6",4,8167,NULL,NULL,12139,9682,2457,243579.6100000057
"27959fb27ce15aa7",1,4394,5229,NULL,NULL,4172,1057,0
"27c5e94504c1d4dd",1,675,NULL,NULL,711,552,159,12079.889999999927
"27effd8c0f70cc62",1,4423,5195,NULL,NULL,4123,1072,0
"29438e64e9327182",1,881,907,NULL,NULL,716,191,2711.9300000000067
"2982b050f03cb0ba",5,2989,NULL,NULL,3572,2881,691,38558.27999999935
"298d9967744a2dc3",3,1868,NULL,NULL,2110,1688,422,11991.899999999783
"2a39ad36a8054f60",1,4345,5171,NULL,NULL,4153,1018,0
"2a73ceed420f00a0",1,900,923,NULL,NULL,755,168,5528.770000000008
"2a847ad2c78a0c97",1,668,NULL,NULL,702,574,128,8416.979999999963
"2a8e1acd7b97b715",4,2458,NULL,NULL,2834,2261,573,18494.65999999959
"2ab5feee6e543858",1,1027,1065,NULL,NULL,NULL,1065,1054.3500000000054
"2abe75c2699de312",1,641,NULL,NULL,686,576,110,8225.139999999967
"2b6d8d91d066497b",1,4338,5155,NULL,NULL,4122,1033,0
"2b7b6219cd2ba402",1,936,968,NULL,NULL,968,NULL,958.3200000000044
"2b951681c79e0b5c",11,5538,NULL,7640,NULL,6117,1523,31827.599999998667
"2bc4aec6cbc06128",5,3031,NULL,NULL,3622,2899,723,39341.77999999934
"2c241c2e82e10f63",1,972,1007,NULL,NULL,800,207,996.9300000000047
"2da693662497cbde",1,651,NULL,NULL,680,539,141,3393.2000000000053
"2e04767d5fbd9546",1,917,953,NULL,NULL,768,185,4755.4700000000075
"2e05a895faf9ac75",2,1315,NULL,NULL,1433,NULL,1433,4341.670000000011
"2e56454f92c9d53c",8,4390,NULL,NULL,5667,4552,1115,57910.33000000051
"2e5788015f79c48d",4,2439,NULL,NULL,2821,NULL,2821,17754.789999999608
"2e738a49b2e31739",9,4899,NULL,NULL,6503,NULL,6503,67164.97000000188
"2eb3c4ac10df3533",1,685,NULL,NULL,711,569,142,8524.889999999961
"2eec70cd1fb8ed74",3,1945,NULL,NULL,2161,1709,452,10877.389999999805
"2ef1c77d939ce942",1,987,1029,NULL,NULL,817,212,9250.70999999993
"2f96718e4d9ec585",1,915,953,NULL,NULL,750,203,2849.4700000000075
"2fc612fa93d654ef",1,4379,5155,NULL,NULL,4120,1035,0
"2fc7b6ddcc982cef",3,1908,NULL,NULL,2138,1684,454,30949.61999999963
"304204f02257207e",1,726,NULL,NULL,757,605,152,749.4300000000025
"30788879caff58ed",6,3578,NULL,NULL,4357,3466,891,51181.42999999951
"30c042e5f633ea12",1,901,937,NULL,NULL,NULL,937,5612.630000000008
"30dcf785f5abeec0",1,4465,5271,NULL,NULL,4188,1083,0
"31a41692d9f4960b",10,5236,NULL,NULL,6988,5633,1355,69494.12000000235
"31df6b29ba9243df",2,1329,NULL,1440,NULL,1142,298,2859.600000000011
"31e53835086555af",1,947,980,NULL,NULL,768,212,2930.2000000000075
"322b1cf3950497d2",1,4336,5096,NULL,NULL,4104,992,0
"324731e2a70c863c",1,672,NULL,NULL,704,553,151,1400.9600000000041
"32add0547b57ec3b",5,2926,NULL,NULL,3480,2802,678,21609.19999999946
"33026e9369c3c7aa",1,962,994,NULL,NULL,792,202,3966.0600000000077
"33e313c6b2a7f0b9",5,3015,NULL,NULL,3535,2805,730,56653.65000000013
"34086cec6eab6d75",1,938,976,NULL,NULL,816,160,4870.240000000008
"3513e8d229e7effe",2,1322,NULL,NULL,1434,1148,286,3528.660000000011
"35aba06c901f1ce3",2,1349,NULL,1470,NULL,1188,282,10965.299999999868
"35abfd179ec70409",1,934,963,NULL,NULL,773,190,2879.370000000007
"35f2a1c44ca3e110",1,4436,5300,NULL,NULL,4245,1055,0
"361c97df37db222c",1,920,950,NULL,NULL,762,188,4740.500000000007
"364cacd0654d3d82",1,4381,5196,NULL,NULL,NULL,5196,0
"36731d72237ce76a",1,4420,5207,NULL,NULL,4205,1002,0
"3695e8d213c08761",1,975,1003,NULL,NULL,NULL,1003,2998.9700000000075
"369c461be657e055",1,4259,5070,NULL,NULL,4010,1060,0
"369cb8c5b4c0fcb3",1,4471,5273,NULL,NULL,4151,1122,0
"369eacca5d49341a",6,3432,NULL,NULL,4217,3384,833,48678.829999999434
"36e2ce2d11b3f727",2,1305,NULL,NULL,1406,1406,NULL,12575.939999999851
"36ffc9a1443c2cc3",1,977,1005,NULL,NULL,1005,NULL,7024.94999999998
"371890c7241c8098",1,2683,NULL,NULL,2990,2390,600,35850.09999999947
"372e42bbaa3dc0e4",1,937,975,NULL,NULL,766,209,965.2500000000044
"379a224ee6494ef9",2,1324,NULL,NULL,1441,1134,307,11548.589999999858
"37a74e355cb725d9",14,6776,NULL,NULL,9994,7947,2047,143003.05999999854
"37ed08eb80d7db15",3,1812,NULL,NULL,2042,1617,425,19384.579999999703
"3802111185bc784b",3,1883,NULL,NULL,2144,1701,443,19894.559999999685
"388f65519deb0037",1,940,974,NULL,NULL,773,201,2912.2600000000075
"38f05f946e749c12",1,923,963,NULL,NULL,784,179,953.3700000000043
"391e42bab905ec9b",1,943,989,NULL,NULL,989,NULL,2957.110000000008
"397f02598db09dda",1,695,NULL,NULL,718,581,137,3582.820000000005
"39b4bb65ad790791",2,1308,NULL,NULL,1416,1112,304,14307.83999999983
"3a7518411e842c8b",1,907,950,NULL,NULL,744,206,2840.5000000000073
"3ae912c3dd39836a",1,675,NULL,NULL,699,557,142,4886.010000000006
"3b41224b02fd3192",1,907,936,NULL,NULL,752,184,7478.63999999997
"3bde03960ffaebd7",1,4377,5147,NULL,NULL,4151,996,0
"3c41d93be92654ba",1,667,NULL,NULL,692,541,151,8297.079999999965
"3c54b95e4b1a6ddb",1,694,NULL,NULL,721,557,164,7202.789999999982
"3c6637d62f89d1e7",1,4430,5275,NULL,NULL,4193,1082,0
"3c6c5948af16be04",15,7159,NULL,NULL,10569,8434,2135,151552.30999999726
"3c6ee36f4adc66e5",1,944,979,NULL,NULL,807,172,1948.2100000000064
"3cf50ebebbd38813",1,899,926,NULL,NULL,768,158,1842.7400000000061
"3d449d935f266cd0",1,4426,5245,NULL,NULL,4181,1064,0
"3d4b4ebe5805ad11",1,4446,5276,NULL,NULL,4206,1070,0
"3d617d93af838c02",1,683,NULL,NULL,711,575,136,17056.8899999999
"3d714131a80fe769",1,913,944,NULL,NULL,738,206,1878.5600000000063
"3d7edc889cf3f4e4",1,4487,5298,NULL,NULL,4222,1076,0
"3d9f9cef01b52412",2,1337,NULL,1476,NULL,1196,280,3683.2400000000116
"3daaff6542e847ec",1,989,1016,NULL,NULL,801,215,1005.8400000000048
"3dd943886c7f92c3",11,5766,NULL,7934,NULL,6370,1564,66067.66000000213
"3e41845d34595cc6",1,728,NULL,NULL,757,613,144,6048.429999999994
"3e759d8a6a04f9b1",1,4378,5176,NULL,NULL,5176,NULL,0
"3e786503d04e3e20",1,4462,5300,NULL,NULL,4265,1035,0
"3e7e907831228999",4,2399,NULL,NULL,2771,2191,580,30943.28999999952
"3e8d4ceb1d7294c4",1,4450,5283,NULL,NULL,4239,1044,0
"3e9daf86f777afc2",5,3039,NULL,NULL,3649,2918,731,22783.509999999427
"3ee34cf016aa4afe",1,4376,5201,NULL,NULL,5201,NULL,0
"3ee6819903724d8c",7,4011,NULL,NULL,4954,3982,972,29540.45999999916
"3f30c2fb09692a6f",1,4352,5159,NULL,NULL,NULL,5159,0
"3f33f5913213d78f",4,2448,NULL,NULL,2834,2301,533,13455.659999999676
"3f7d9e310000a1fa",3,1900,NULL,NULL,2174,1737,437,31671.259999999624
"3fd822dc566a3fc1",1,960,996,NULL,NULL,811,185,3974.0400000000072
"4046c4e9ca784288",10,12463,11239,NULL,6597,17836,NULL,99904.03000000393
"408cfbbbb94de64a",1,4400,5248,NULL,NULL,4213,1035,0
"409dbc3ca739f6c6",1,651,NULL,673,NULL,552,121,2012.2700000000048
"40a6760d2a31d618",1,4330,5088,NULL,NULL,NULL,5088,0
"40d2dffc4901db9d",1,1016,1049,NULL,NULL,856,193,1038.5100000000052
"4164b62f665e1181",12,6152,NULL,NULL,8621,8621,NULL,130734.79000000012
"41d06c66d1df92d3",1,673,NULL,700,NULL,558,142,15392.999999999909
"41f5f14547dd9e7c",2,1337,NULL,NULL,1454,1154,300,14237.459999999825
"423188abfe4a44ff",1,989,1027,NULL,NULL,822,205,4097.730000000008
"42568f37d7a1b384",6,3417,NULL,NULL,4163,3318,845,67803.37000000129
"42ca5bb041aeee78",2,1390,NULL,NULL,1518,NULL,1518,12999.81999999983
"42daa98d61a11bd3",3,1908,NULL,NULL,2137,1696,441,7679.629999999918
"42dac351f4e45501",1,945,981,NULL,NULL,785,196,2933.190000000008
"42e45e59e6d3dcf1",1,913,949,NULL,NULL,759,190,2837.5100000000075
"43b469c83fec8c37",1,649,NULL,680,NULL,680,NULL,8153.199999999968
"43c8205399fd6dfb",1,4468,5290,NULL,NULL,4248,1042,0
"445b8f43367c16e1",9,4897,NULL,NULL,6448,5195,1253,82976.5200000034
"4509ddfada2a7a47",5,2945,NULL,NULL,3534,2779,755,23982.659999999432
"452577cb87b5193b",10,5303,NULL,NULL,7029,5573,1456,40519.70999999871
"454203cb5df67b54",4,8875,8070,NULL,2060,8099,2031,6976.399999999958
"455825a41e6a7c47",1,4460,5243,NULL,NULL,4193,1050,0
"45bbdfba76ff4535",1,4383,5200,NULL,NULL,4145,1055,0
"46037c4ef11b772a",1,4281,5047,NULL,NULL,3990,1057,0
"463167a27566757c",7,3995,NULL,NULL,4996,4996,NULL,41557.03999999908
"46751d1b5e8ea090",1,1018,1057,NULL,NULL,850,207,3160.4300000000085
"46c9c2462945fd84",16,7427,NULL,NULL,11263,8976,2287,137222.3699999991
"478e10f9248b7842",7,3963,NULL,NULL,5001,4040,961,38135.989999999096
"47a405447e564935",3,1953,NULL,2185,NULL,1724,461,2917.150000000017
"480fd8355e1073b5",2,1321,NULL,NULL,1437,1164,273,16406.62999999981
"4836a10e03bdfe8c",6,3567,NULL,NULL,4364,3521,843,28868.35999999926
"4840bb3dd35c2354",1,957,993,NULL,NULL,791,202,3962.070000000008
"4855fe14f415347e",2,1304,NULL,1406,NULL,1143,263,11995.939999999855
"48643a3424badc9f",1,922,948,NULL,NULL,756,192,2834.5200000000073
"489c34eee067cacb",1,981,1012,NULL,NULL,806,206,8085.879999999954
"48ef7e17fe5bd883",1,983,1012,NULL,NULL,807,205,2013.880000000007
"494aa1e51ac578dd",1,921,963,NULL,NULL,790,173,953.3700000000043
"4977375a7011d0ad",1,954,986,NULL,NULL,770,216,976.1400000000045
"49dc557855f49ff4",1,989,1026,NULL,NULL,823,203,1015.7400000000049
"49e35d6fdfa75c65",1,973,1001,NULL,NULL,809,192,1991.9900000000066
"4a4c67a2f954cc88",4,2369,NULL,NULL,2760,2214,546,22483.399999999565
"4ad4744dc9fcee45",1,4371,5178,NULL,NULL,NULL,5178,0
"4aeb27d36ea09052",1,4435,5252,NULL,NULL,4228,1024,0
"4af9dc3319705e9c",8,4402,NULL,NULL,5689,4557,1132,55480.110000000146
"4b148e0b46a794c6",1,4406,5191,NULL,NULL,4153,1038,0
"4b5958281bffd174",1,962,994,NULL,NULL,801,193,984.0600000000046
"4b62dd7ac845aeda",1,907,935,NULL,NULL,745,190,3730.650000000007
"4b74cef33e782fda",1,4393,5148,NULL,NULL,4160,988,0
"4b7e97aa04c9ffd4",1,4425,5266,NULL,NULL,4165,1101,0
"4ba727333f0ac39e",1,646,NULL,NULL,686,554,132,2737.1400000000053
"4c30eede5285b4e0",4,2465,NULL,NULL,2827,2274,553,19249.729999999585
"4c45f7b48d86ccd8",1,900,932,NULL,NULL,748,184,9310.679999999935
"4c604d57f0425d9e",1,4391,5185,NULL,NULL,4158,1027,0
"4c760e1eee7a254c",5,2946,NULL,NULL,3523,2808,715,39089.769999999364
"4c801c2ceec5410e",6,3482,NULL,NULL,4279,3426,853,26517.20999999929
"4c9403885a0ce3a7",1,4418,5264,NULL,NULL,4252,1012,0
"4d7890b6670f773c",9,4823,NULL,NULL,6390,6390,NULL,39453.09999999883
"4e070aaf3d47bf37",1,4433,5204,NULL,NULL,4142,1062,0
"4e5ae5f2e0d4d4ab",1,4305,5098,NULL,NULL,4096,1002,0
"4e683dcd461cdd22",4,2414,NULL,NULL,2800,2800,NULL,14084.999999999667
"4e7bcffa3926d96c",1,943,977,NULL,NULL,785,192,8783.229999999941
"4f2a87ca0bbdf07b",1,4382,5237,NULL,NULL,4132,1105,0
"4f68c8110c3dd408",1,4421,5209,NULL,NULL,4179,1030,0
"5059f004a5f90cec",1,4390,5225,NULL,NULL,4167,1058,0
"5070e02253fe2a85",6,3423,NULL,NULL,4188,4188,NULL,25368.11999999932
"50937a794ead7872",1,966,996,NULL,NULL,813,183,3974.0400000000072
"50cccfd2052dde5a",6,3315,NULL,NULL,4146,3321,825,31939.539999999277
"50f037a642ec2733",1,971,998,NULL,NULL,818,180,1986.0200000000068
"513ed76dd7bedbcd",1,926,959,NULL,NULL,769,190,3826.410000000007
"516eafe9a9fc183f",1,4374,5157,NULL,NULL,4098,1059,0
"51a852271344eefa",1,916,950,NULL,NULL,950,NULL,1890.5000000000064
"51b10b0870292ffa",1,987,1027,NULL,NULL,1027,NULL,3070.7300000000077
"51c862692f595438",3,1894,NULL,NULL,2151,1704,447,2839.490000000016
"51e0c96d36fb43eb",10,5299,NULL,7133,NULL,5639,1494,57312.670000000566
"52c29b86fb19c81f",1,965,994,NULL,NULL,795,199,3966.0600000000077
"532fec222a859758",7,3940,NULL,NULL,4942,4013,929,53460.5799999998
"53780d441c31f71e",2,1330,NULL,NULL,1465,1181,284,13363.349999999838
"54128a5d84cd1b24",1,922,958,NULL,NULL,770,188,4780.420000000007
"54312999664c4982",1,926,956,NULL,NULL,751,205,3814.4400000000073
"5460fd7ff997b8a9",1,942,968,NULL,NULL,777,191,1926.3200000000065
"546f75e329875fb7",4,2513,NULL,NULL,2916,2352,564,8871.839999999822
"5487e4903a8f33db",6,3533,NULL,NULL,4305,NULL,4305,23089.94999999933
"54911e720eead3cb",1,4508,5339,NULL,NULL,4229,1110,0
"54d368fcba39dadb",9,12479,NULL,NULL,27350,21826,5524,319005.500000044
"54e43dee10a11533",5,3040,NULL,NULL,3654,NULL,3654,38602.45999999934
"54eb3aac8e30cf5b",5,2977,NULL,NULL,3489,NULL,3489,16018.109999999544
"55a16d6e0840c462",1,4418,5204,NULL,NULL,4144,1060,0
"5622c09613255ec4",4,2425,NULL,NULL,2819,2258,561,41672.809999999474
"564a4ff6ba6556b4",1,4484,5297,NULL,NULL,4213,1084,0
"566595ac76ea4dde",1,950,984,NULL,NULL,791,193,974.1600000000045
"56eefa35a48859d8",6,3454,NULL,4260,NULL,3425,835,28373.399999999274
"575dc0f641fe52ca",19,8297,NULL,NULL,13385,10745,2640,62684.15000000272
"57a351040f9dd994",1,939,976,NULL,NULL,785,191,6822.239999999986
"580beee499d3583f",2,1321,NULL,1434,NULL,1434,NULL,5741.660000000012
"581eedf21f1e7f12",6,3445,NULL,NULL,4196,3357,839,36820.03999999925
"582c8ad37d894329",1,4343,5107,NULL,NULL,4042,1065,0
"586c5e03265833cb",2,4912,NULL,NULL,6059,4809,1250,57490.410000000425
"58794d193a8031c4",1,4350,5157,NULL,NULL,NULL,5157,0
"5896e00a4a15ce05",7,4008,NULL,NULL,4976,3986,990,38682.23999999909
"589855efbeb9dfb3",1,915,937,NULL,NULL,736,201,2801.6300000000074
"589a3b5c273e2ce6",5,2929,NULL,NULL,3490,2783,707,20297.099999999467
"58a79ad7a1a6f1ab",1,947,971,NULL,NULL,766,205,6787.289999999987
"58b64399ed7315fc",3,1857,NULL,2081,NULL,1653,428,15251.189999999737
"58e12455bcce324a",1,672,NULL,NULL,705,574,131,11272.949999999933
"593e9d36493035b4",5,2870,NULL,NULL,3422,2757,665,27724.779999999424
"59dee6c6b700112b",1,921,944,NULL,NULL,753,191,3766.5600000000068
"5a23398b658e4f55",2,1301,NULL,NULL,1404,1123,281,13833.959999999834
"5b0619a92b6465e7",3,1872,NULL,NULL,2111,2111,NULL,9711.889999999843
"5b1452579f53cd6e",1,974,998,NULL,NULL,811,187,4980.020000000008
"5b1edac2b541b03f",5,3047,NULL,NULL,3587,2891,696,65181.130000000914
"5b43d2c0d86a9e31",1,4378,5193,NULL,NULL,4166,1027,0
"5b783266399d2710",1,908,949,NULL,NULL,NULL,949,6633.509999999992
"5c43a908d5ab818b",1,644,NULL,NULL,673,545,128,6050.270000000004
"5caff936dfbbaeb5",1,971,1012,NULL,NULL,818,194,4037.880000000008
"5da220c84d868f6b",4,2448,NULL,NULL,2853,2298,555,28508.46999999952
"5dc171e1b2ccec8c",1,997,1037,NULL,NULL,817,220,10359.629999999914
"5e076c64fb082ea5",1,4395,5214,NULL,NULL,4204,1010,0
"5e709ce300fe2064",1,938,969,NULL,NULL,783,186,4835.310000000007
"5ec185a28f4d2c15",7,4003,NULL,NULL,5008,4001,1007,49971.91999999955
"5ec84339c81f30ba",1,968,1001,NULL,NULL,806,195,5995.990000000004
"5f7b01335753aaa6",4,2413,NULL,NULL,2769,NULL,2769,25563.309999999547
"5f8551eb24647b22",11,5646,NULL,NULL,7707,6133,1574,69050.93000000251
"5f8768e143a0fabf",2,1354,NULL,NULL,1481,1202,279,4375.190000000011
"605713cb904dc5da",1,4481,5353,NULL,NULL,5353,NULL,0
"6062add5e203aa15",1,2708,NULL,NULL,2993,2414,579,56837.07000000017
"606831f2120952a9",7,11203,NULL,NULL,21121,21121,NULL,323364.79000003485
"60c6bfc853002a78",1,4439,5264,NULL,NULL,4225,1039,0
"60f3bfee00ec6ba8",1,936,975,NULL,NULL,796,179,2915.2500000000073
"61160041b9ab0208",1,950,981,NULL,NULL,785,196,3914.190000000008
"611ac0f69f684555",1,932,966,NULL,NULL,795,171,6752.339999999988
"614281db83d0b0f2",1,952,989,NULL,NULL,989,NULL,8891.109999999939
"6148131ec73525db",9,4819,NULL,6334,NULL,5042,1292,22209.65999999901
"6174333a69313891",4,2408,NULL,NULL,2812,2230,582,26126.87999999954
"6177bb15a41f36d0",1,940,965,NULL,NULL,791,174,2885.3500000000076
"61cea77b9bc843d1",1,692,NULL,733,NULL,584,149,8788.669999999956
"624fb6705df6989a",5,2969,NULL,3520,NULL,NULL,3520,31377.79999999939
"628af53bdb1c19bc",1,945,977,NULL,NULL,788,189,967.2300000000045
"62bbc9735ee184a4",13,13817,NULL,NULL,38881,30988,7893,525507.1899999757
"63026fec1e00ccbd",1,4418,5279,NULL,NULL,4238,1041,0
"633d4647cd569d71",3,1910,NULL,NULL,2163,1724,439,24956.36999999965
"635cca156aab1217",1,685,NULL,NULL,718,577,141,6454.819999999989
"63765a2771ccdc34",1,4425,5225,NULL,NULL,4181,1044,0
"63b624cd329b5a3f",2,4842,NULL,NULL,5984,4767,1217,32957.159999998956
"63bdf4fc4b9ec169",13,6439,NULL,9219,NULL,7348,1871,39849.80999999831
"641c23bc07b4683d",1,4374,5237,NULL,NULL,NULL,5237,0
"644fed0788ab5e2a",1,662,NULL,683,NULL,NULL,683,2725.170000000005
"6452c739c37c2729",6,3512,NULL,NULL,4293,3436,857,40812.069999999214
"6469271dbcd00e9e",1,4434,5255,NULL,NULL,4153,1102,0
"6473dd29a2badbf1",1,674,NULL,NULL,703,546,157,2804.9700000000053
"64a419e7440109f9",4,2420,NULL,2825,NULL,2273,552,21512.749999999567
"64b135a9a6faa4f1",15,7170,NULL,NULL,10820,8723,2097,106000.80000000511
"651aa03e3d563374",1,4413,5261,NULL,NULL,4228,1033,0
"654abdc29f3e7a2e",3,1859,NULL,NULL,2092,1643,449,27225.079999999653
"659f05e79c152e75",1,4377,5194,NULL,NULL,4171,1023,0
"65a0de6780c37a79",1,897,918,NULL,NULL,749,169,8252.819999999954
"65b4d55761b9b52c",5,9442,NULL,NULL,15140,12166,2974,106642.60000000734
"660a79a6b635edb3",4,2436,NULL,NULL,2807,2807,NULL,18787.9299999996
"662b6ba33c2525bf",3,1825,NULL,NULL,2074,1656,418,13495.259999999767
"663ed56ad24ba1cc",1,4325,5063,NULL,NULL,4058,1005,0
"664d9b53da7a6f91",1,891,928,NULL,NULL,736,192,2774.720000000007
"66b34414418c19d3",2,1305,NULL,NULL,1409,1142,267,16214.909999999814
"66fd04531729b0bc",1,942,969,NULL,NULL,969,NULL,959.3100000000044
"67a27e331db0a20b",1,648,NULL,NULL,680,NULL,680,673.2000000000018
"6808636c5f70af61",1,4501,5367,NULL,NULL,4233,1134,0
"68982a289d2adbe5",1,953,991,NULL,NULL,785,206,2963.0900000000074
"68a0b3e527b9d4ac",1,937,961,NULL,NULL,763,198,951.3900000000043
"68bcf46eb42ca151",1,854,879,NULL,NULL,711,168,5265.210000000007
"68dc883a37ebebe3",2,1355,NULL,NULL,1482,1192,290,2203.1800000000103
"6ace88610549fa8d",1,945,968,NULL,NULL,799,169,3862.3200000000074
"6adda4b71b1b773d",5,2956,NULL,NULL,3478,2795,683,21708.219999999463
"6b5615da027ecf56",7,3881,NULL,NULL,4854,NULL,4854,40963.459999999104
"6bcd2ce4ffc2631e",1,927,956,NULL,NULL,771,185,8594.439999999946
"6be646e91dc2da61",1,4382,5196,NULL,NULL,4133,1063,0
"6c505d9f700e0926",1,4450,5260,NULL,NULL,4245,1015,0
"6cbac0eb5f13ccad",1,4454,5299,NULL,NULL,4279,1020,0
"6d8f7c5bc7ed25af",3,1882,NULL,2121,NULL,2121,NULL,23498.789999999663
"6dc8a4edbab348c9",4,2397,NULL,NULL,2760,2220,540,19774.399999999594
"6e9e3f8755b014a7",1,907,943,NULL,NULL,762,181,933.5700000000041
"6eab0cd41688a11f",1,4454,5270,NULL,NULL,4155,1115,0
"6f2663815e39c2e0",1,656,NULL,NULL,683,550,133,6823.169999999988
"6f3715c0f99caf6c",1,868,900,NULL,NULL,705,195,3591.000000000007
"6f6aafc7cc05587e",8,11848,NULL,NULL,24135,19211,4924,291950.65000003076
"6f88b4aca52d2fff",4,2499,NULL,2861,NULL,2325,536,24843.38999999954
"7046a9ebeeb94932",1,699,NULL,743,NULL,587,156,1478.5700000000045
"70a3517bcbbd48e8",11,5686,NULL,NULL,7745,6134,1611,38413.54999999859
"70c498678db81101",1,949,988,NULL,NULL,823,165,3942.120000000008
"71147df196dadc57",1,938,968,NULL,NULL,785,183,958.3200000000044
"7124b25cfc63b479",17,7790,NULL,NULL,12023,9581,2442,70948.77000000436
"71472cc7d93ad505",1,998,1028,NULL,NULL,819,209,3073.720000000008
"719caa6192b5216b",1,4358,5141,NULL,NULL,4117,1024,0
"71cc78b6addcdc63",1,987,1022,NULL,NULL,816,206,1011.7800000000049
"71f26a5a0da73ae0",1,910,934,NULL,NULL,754,180,924.6600000000041
"72b3ba465c73ff74",4,8103,NULL,NULL,11932,9512,2420,195208.67999999304
"72c14a19dcc80b2d",15,7149,NULL,NULL,10781,NULL,10781,56575.19000000045
"72cb4171ddfaec50",1,4326,5093,NULL,NULL,4087,1006,0
"732ee585d41571f0",1,947,987,NULL,NULL,800,187,6899.129999999984
"734c083a397cbf48",1,932,958,NULL,NULL,NULL,958,4780.420000000007
"7382d73c266d07ac",3,1905,NULL,2153,NULL,1720,433,10067.469999999832
"739a4b526206101a",1,946,978,NULL,NULL,790,188,3902.2200000000075
"73b10003d3e9bcb2",1,707,NULL,NULL,743,600,143,11137.56999999993
"73b4e392f1e77ad5",1,4402,5186,NULL,NULL,4132,1054,0
"73c4bc83e92828b5",7,4063,NULL,NULL,5115,4045,1070,36735.84999999909
"73d7bdb1778509e7",1,936,962,NULL,NULL,762,200,5762.380000000008
"74093d44c41ee885",6,10424,NULL,NULL,17901,14365,3536,322774.99000002944
"7438fe821901138f",2,9887,9651,NULL,716,10367,NULL,708.8400000000021
"746b023731563b28",1,4372,5087,NULL,NULL,4062,1025,0
"74747079f3798f76",3,1837,NULL,NULL,2062,1613,449,14713.379999999746
"7499f25db7cfc3ea",33,11377,NULL,NULL,23517,18771,4746,147710.82999999486
"75057da29b0d5981",1,910,948,NULL,NULL,746,202,8522.519999999948
"755408f923bc2377",1,961,994,NULL,NULL,787,207,984.0600000000046
"75706c19146cb7a7",1,4429,5270,NULL,NULL,4256,1014,0
"75c44c614181be38",1,708,NULL,751,NULL,607,144,12759.489999999918
"75e92d1a8ee75873",1,946,981,NULL,NULL,NULL,981,4895.190000000008
"76508b40d3415dd4",1,4391,5211,NULL,NULL,NULL,5211,0
"7690f650ea588fdc",1,669,NULL,NULL,715,569,146,1422.8500000000042
"76f04837306c5312",1,901,940,NULL,NULL,768,172,4690.600000000007
"7710ce939b137ea5",3,1950,NULL,NULL,2190,1737,453,39601.0999999996
"771207c5dfccd787",1,914,940,NULL,NULL,761,179,930.6000000000041
"77c6c25e07676996",1,928,952,NULL,NULL,778,174,2846.4800000000073
"786ba9d44f4f3944",1,982,1013,NULL,NULL,833,180,4041.870000000008
"789e7129f4d8d21f",1,4351,5192,NULL,NULL,4208,984,0
"79204c31dd4f42ae",1,938,974,NULL,NULL,789,185,964.2600000000044
"79e1c35c51d1821d",1,4374,5200,NULL,NULL,NULL,5200,0
"7a41c5e6b1ebf309",1,4433,5232,NULL,NULL,NULL,5232,0
"7a484440e036a2e1",1,908,933,NULL,NULL,751,182,3722.670000000007
"7a5fdb3b0f1e52f2",1,985,1010,NULL,NULL,782,228,3019.900000000008
"7a7737f43e7ae3bc",1,935,965,NULL,NULL,786,179,955.3500000000043
"7a883cc615864cd8",1,659,NULL,NULL,693,548,145,8309.069999999965
"7aa8d6869741be94",1,955,982,NULL,NULL,786,196,3918.1800000000076
"7ac212839cf84fca",1,943,969,NULL,NULL,785,184,1928.3100000000063
"7ad54cb053d9ccef",1,4426,5261,NULL,NULL,4195,1066,0
"7adcfc44ad7ae154",1,4447,5294,NULL,NULL,4175,1119,0
"7b689ce061311479",1,4448,5247,NULL,NULL,4169,1078,0
"7b8488a685e3d1a5",1,926,951,NULL,NULL,NULL,951,3794.490000000007
"7b9c1f0783090697",2,1357,NULL,NULL,1461,1461,NULL,11025.389999999865
"7bb885aa0e520e15",3,1881,NULL,2097,NULL,2097,NULL,13080.029999999766
"7bd8e549521f4854",1,951,968,NULL,NULL,770,198,1926.3200000000065
"7c2175ea54e71afa",1,669,NULL,NULL,694,554,140,1381.060000000004
"7c645810cd7f166e",1,694,NULL,NULL,717,579,138,2860.8300000000054
"7d3cf8d98c978872",1,4440,5333,NULL,NULL,4283,1050,0
"7d78b5b4fd337f63",1,612,NULL,NULL,645,505,140,1283.5500000000036
"7d82767b8f18bec1",1,710,NULL,NULL,744,744,NULL,11152.55999999993
"7daccd416282b874",2,1360,NULL,NULL,1489,1199,290,13169.109999999833
"7dd92e942a8c1044",1,686,NULL,NULL,723,NULL,723,9391.76999999995
"7f0e7aa468f7479c",1,4428,5208,NULL,NULL,NULL,5208,0
"7f1f3c124f7e0ee6",1,914,943,NULL,NULL,943,NULL,3762.5700000000074
"7f9fd4b761c59793",1,4401,5208,NULL,NULL,4213,995,0
"7fb0995bfeba0c05",1,940,972,NULL,NULL,782,190,8738.279999999942
"8004b80ebe9e8133",1,927,952,NULL,NULL,737,215,3798.4800000000077
"800ccc693448fc4c",1,950,979,NULL,NULL,780,199,4885.210000000007
"80104610879218ea",10,5234,NULL,NULL,6966,5588,1378,86192.34000000401
"8018fd3d0358ade2",1,4370,5146,NULL,NULL,NULL,5146,0
"805f17916530d21e",1,654,NULL,NULL,686,547,139,1365.140000000004
"808659791e67ccb7",1,686,NULL,NULL,712,NULL,712,704.880000000002
"80945b06bc21a7cc",5,3017,NULL,NULL,3618,2892,726,22342.819999999443
"80947e4824ea96e4",1,950,978,NULL,NULL,764,214,968.2200000000045
"80bdd67b6063c7ca",18,8003,NULL,NULL,12616,10104,2512,78380.84000000604
"80c0733212004efc",7,3878,NULL,NULL,4895,3965,930,19551.04999999928
"80f6c6dd93df51f3",1,912,939,NULL,NULL,752,187,929.6100000000041
"810eff5ec2247baa",1,4439,5223,NULL,NULL,NULL,5223,0
"8169e4cfdbe72ee0",1,4464,5300,NULL,NULL,4259,1041,0
"8189cec9e19e6491",8,4370,NULL,NULL,5629,5629,NULL,106847.7100000028
"81a00b604ff27809",1,944,982,NULL,NULL,798,184,972.1800000000045
"81f5dda105837b6e",4,2477,NULL,2879,NULL,2269,610,15778.20999999962
"82446f4ccec4e749",1,975,1011,NULL,NULL,819,192,1000.8900000000048
"8329a609cffbe1cb",1,956,988,NULL,NULL,786,202,978.1200000000046
"833eef95629ed02d",1,961,989,NULL,NULL,798,191,3946.1100000000074
"837965c6bc45f299",1,920,950,NULL,NULL,950,NULL,6640.499999999992
"83b7afb76cc15198",3,1922,NULL,NULL,2160,NULL,2160,41736.3999999996
"83f2675cd07166c3",2,1355,NULL,NULL,1475,1165,310,8003.2499999999345
"845d36fd4c44a5cc",4,2460,NULL,NULL,2872,2291,581,22984.279999999544
"85537ac43a1b8e4a",2,1332,NULL,NULL,1443,1161,282,10730.569999999872
"8590a25d4e5c249c",19,14889,10712,NULL,53832,NULL,64544,505983.67999998404
"85f1da2246f1f10a",4,8271,NULL,NULL,12143,9773,2370,133440.56999999986
"860a7de771776f24",1,942,967,NULL,NULL,NULL,967,957.3300000000044
"869d3813cbd25964",19,8412,NULL,NULL,13505,10957,2548,84787.95000000756
"86efc8b9e7477e69",5,2951,NULL,NULL,3551,2836,715,27652.4899999994
"8714e150e6ad1b44",8,4429,NULL,NULL,5577,5577,NULL,44301.22999999896
"877e7de14aebac69",9,4797,NULL,NULL,6281,5007,1274,33585.18999999889
"87c206c2ef86ee01",1,944,973,NULL,NULL,973,NULL,9720.269999999928
"87ce539ef13ffd37",1,4334,5136,NULL,NULL,4065,1071,0
"87d950dbd69c41bb",1,997,1027,NULL,NULL,1027,NULL,1016.7300000000049
"87e4124dcb1c1466",1,4406,5185,NULL,NULL,4145,1040,0
"88214e47209cebf3",5,3023,NULL,NULL,3614,2894,720,30340.859999999382
"883d445344e47d9a",1,4309,5044,NULL,NULL,4010,1034,0
"88690a5adabae694",1,937,967,NULL,NULL,769,198,957.3300000000044
"886a79b8072f1b3a",1,678,NULL,NULL,707,567,140,3527.930000000005
"888de1f6c40618d0",1,931,961,NULL,NULL,782,179,951.3900000000043
"88a94b52374481e8",1,946,965,NULL,NULL,781,184,955.3500000000043
"88b0491a0ea28b5d",2,1294,NULL,NULL,1415,NULL,1415,2894.8500000000104
"88c2ed3dbc138f3d",1,918,942,NULL,NULL,738,204,932.5800000000041
"88ee58c87e9b2b02",8,4516,NULL,5806,NULL,4600,1206,26556.93999999903
"896c9d51ffb1e2ae",14,6718,NULL,NULL,9918,8016,1902,74822.8200000041
"89955d49e2e947ee",1,672,NULL,NULL,702,560,142,2098.980000000005
"89f1ecd9bb43031b",4,2350,NULL,NULL,2672,NULL,2672,16735.279999999635
"89f5975f16a09776",1,939,963,NULL,NULL,755,208,2879.370000000007
"89fd9fe5a537a664",1,658,NULL,695,NULL,NULL,695,4858.050000000006
"8a17af073d2b213a",11,11420,9476,NULL,7197,13366,3307,110038.03000000301
"8a6a49ce2a35875e",1,954,974,NULL,NULL,789,185,964.2600000000044
"8af23ed1dcc7295a",1,958,984,NULL,NULL,772,212,974.1600000000045
"8af315b369e33e66",1,942,969,NULL,NULL,774,195,959.3100000000044
"8b4211220ef77a6f",2,1323,NULL,NULL,1419,1141,278,14161.80999999983
"8c1a888c3ba17871",1,946,977,NULL,NULL,NULL,977,967.2300000000045
"8d767d76451c00dd",1,697,NULL,NULL,729,604,125,2908.7100000000055
"8e1d311612ce7ab9",9,4898,NULL,NULL,6478,5195,1283,51855.219999999434
"8e8aec98d3a7a23d",1,4453,5312,NULL,NULL,4240,1072,0
"8ead7768bac17788",1,679,NULL,NULL,712,NULL,712,704.880000000002
"8f194a2bbfcd9a8f",1,954,983,NULL,NULL,799,184,973.1700000000045
"8f88268639915b6d",2,1285,NULL,NULL,1387,1129,258,16216.129999999815
"8f9ef4360ad031cf",1,682,NULL,NULL,711,711,NULL,12079.889999999927
"8fa98e798cb35f34",1,944,978,NULL,NULL,778,200,968.2200000000045
"8fbb66f6d238dcd9",1,675,NULL,NULL,698,569,129,18839.0199999999
"8fe802d6aa7de60b",2,1383,NULL,NULL,1511,1198,313,8333.889999999923
"90142abc722b3641",3,1876,NULL,NULL,2123,1714,409,12778.769999999766
"905eb0d08e7dfb41",1,4391,5218,NULL,NULL,4177,1041,0
"9094472314d32a2c",1,972,1012,NULL,NULL,802,210,4037.8800000000074
"90bdb8aff9596212",1,662,NULL,NULL,698,698,NULL,1389.020000000004
"91479df1338e1bdf",1,4316,5079,NULL,NULL,4021,1058,0
"917e7356f59d4287",1,668,NULL,NULL,693,547,146,2072.070000000005
"919be17914fac9e6",1,932,963,NULL,NULL,NULL,963,1916.3700000000063
"920d2573d2092db4",1,653,NULL,686,NULL,559,127,1365.140000000004
"92163af750f571a3",1,949,974,NULL,NULL,782,192,3886.2600000000075
"92a9013d172a5d56",2,1308,NULL,NULL,1456,1456,NULL,7409.439999999953
"92cb2652ce9b56c8",16,7547,NULL,11482,NULL,9160,2322,66402.18000000314
"93470bbbe1557cba",2,1278,NULL,NULL,1396,1133,263,2066.0400000000095
"9381f711f3bc5652",1,4403,5174,NULL,NULL,NULL,5174,0
"93e813a67568bfd8",1,4448,5234,NULL,NULL,4217,1017,0
"941f8921b2452f7c",1,897,919,NULL,NULL,NULL,919,3666.8100000000068
"9425aa8dd6d27137",4,2422,NULL,NULL,2854,2324,530,14828.459999999646
"947489c8c3e0a1f3",1,982,1001,NULL,NULL,807,194,1991.9900000000066
"947d085ce02c9b0e",1,4452,5221,NULL,NULL,4145,1076,0
"94922bbf11fa2bec",1,918,950,NULL,NULL,750,200,1890.5000000000064
"94e5d0935a845111",1,900,934,NULL,NULL,750,184,1858.6600000000062
"95a1196981a36a54",5,2862,NULL,NULL,3418,2752,666,10563.819999999701
"95cadcd2b3c4c48d",1,935,963,NULL,NULL,781,182,2879.370000000007
"960e6e9b12323e3d",1,4341,5108,NULL,NULL,4087,1021,0
"9629462addbc76fb",4,2504,NULL,NULL,2920,2920,NULL,20269.79999999956
"962ccfad9c1e205c",3,1933,NULL,NULL,2162,1727,435,15428.379999999728
"966a029fc3c089bd",1,927,960,NULL,NULL,758,202,3830.4000000000074
"967849d3b9750b1e",1,4397,5165,NULL,NULL,NULL,5165,0
"969055a72c012665",2,1243,NULL,NULL,1333,1333,NULL,11274.669999999871
"96bf26f963a978d1",1,4500,5344,NULL,NULL,4228,1116,0
"973391e1b9073720",8,4361,NULL,NULL,5538,4444,1094,39013.61999999899
"973b3c5b875124d7",1,4446,5274,NULL,NULL,4252,1022,0
"97443c2a01cc6922",7,3936,NULL,4940,NULL,3976,964,28444.59999999915
"97d29dcb545ed5db",1,716,NULL,NULL,752,621,131,2248.4800000000055
"97f172cf96b0f7ce",1,4341,5132,NULL,NULL,4098,1034,0
"98d0717119bc60a9",1,4439,5287,NULL,NULL,4211,1076,0
"992a47df3a01013e",1,4495,5373,NULL,NULL,4280,1093,0
"99725834e51ebaa2",3,1802,NULL,NULL,2056,1638,418,8911.439999999873
"9984036bef4ea626",1,4392,5147,NULL,NULL,4078,1069,0
"998d88f526977656",1,992,1023,NULL,NULL,825,198,3058.7700000000077
"9a112b454fa4cac4",1,4461,5296,NULL,NULL,NULL,5296,0
"9a23c4c1efcd8d84",2,1299,NULL,1414,NULL,1137,277,1399.8600000000083
"9ac13114da89d460",1,938,971,NULL,NULL,781,190,961.2900000000044
"9b18a2bbdf71ffd7",1,4467,5237,NULL,NULL,4200,1037,0
"9b50894cc2aca917",4,2435,NULL,NULL,2809,2228,581,31892.90999999951
"9b553c5b5953f150",3,6688,NULL,NULL,8975,7209,1766,136846.24999999942
"9c2e16e0724fe92b",4,2437,NULL,NULL,2806,2244,562,32234.939999999508
"9c7aa1e9811bf304",1,4518,5352,NULL,NULL,4334,1018,0
"9cf3d9202893f00c",9,4910,NULL,NULL,6450,5193,1257,40526.49999999881
"9d5ab8fca61664c1",1,4383,5216,NULL,NULL,4249,967,0
"9dbe43859d8a3466",6,3592,NULL,NULL,4388,3516,872,61130.120000000716
"9dd83194c1604d43",1,4308,5125,NULL,NULL,4075,1050,0
"9ddd1280006eb47b",4,2415,NULL,NULL,2819,2256,563,30043.80999999952
"9e1e688ba6fb6134",1,4426,5193,NULL,NULL,4175,1018,0
"9ed9d71181c1fff9",1,908,940,NULL,NULL,761,179,1870.6000000000063
"9f209b69e6c6de9e",6,3459,NULL,NULL,4250,3433,817,32496.49999999926
"9f3b8e21ac88b08c",1,4407,5194,NULL,NULL,4141,1053,0
"9f89832e3cfdb885",1,963,991,NULL,NULL,800,191,5936.090000000008
"9fabd67821770ab5",4,2470,NULL,NULL,2856,2286,570,12923.439999999686
"9fbc6baeed2bba82",15,7248,NULL,NULL,10766,8560,2206,93989.3400000064
"a00fa936a593ff6f",1,4403,5199,NULL,NULL,4115,1084,0
"a022304878666c15",2,1287,NULL,NULL,1408,1112,296,7594.919999999944
"a022b3f25c926acd",1,945,970,NULL,NULL,788,182,960.3000000000044
"a02fb19e0f0f1ac6",1,937,978,NULL,NULL,771,207,6836.219999999986
"a0580138e3f70891",7,3977,NULL,NULL,4988,NULL,4988,32641.119999999126
"a06bbdcb500dbf93",1,4306,5035,NULL,NULL,3996,1039,0
"a08166811601464c",5,3047,NULL,NULL,3617,2906,711,13564.829999999578
"a09c15444d7c99f3",7,4000,NULL,NULL,4993,4040,953,49365.06999999937
"a0c4cabd55b8827d",1,973,1001,NULL,NULL,805,196,1991.9900000000066
"a1231aa435c364e4",1,4384,5158,NULL,NULL,4108,1050,0
"a18c189164078c83",16,7475,NULL,NULL,11485,NULL,11485,58124.15000000103
"a1b6b9f0b4bfbf02",1,642,NULL,NULL,676,NULL,676,2697.2400000000052
"a1fc7e7845fb5ca0",2,1319,NULL,NULL,1448,1168,280,25337.519999999764
"a1fd723d6bfc7add",1,943,979,NULL,NULL,795,184,1948.2100000000064
"a219deda37bcba49",1,720,NULL,NULL,749,749,NULL,741.5100000000024
"a23e6ec3c0f2d5f8",2,1332,NULL,NULL,1453,1175,278,10141.469999999881
"a24e64c79ae84be0",1,1039,1089,NULL,NULL,857,232,1078.1100000000056
"a25a5d8414e9977b",5,3010,NULL,3608,NULL,2852,756,18501.919999999485
"a267618d4c23a85e",1,4314,5108,NULL,NULL,4091,1017,0
"a28650fb68fb9806",1,4465,5261,NULL,NULL,4210,1051,0
"a287d248d66f915b",1,4474,5321,NULL,NULL,5321,NULL,0
"a2b329c86273a2c0",1,952,985,NULL,NULL,802,183,4915.150000000008
"a2becb2363efc852",4,2516,NULL,NULL,2917,2339,578,19482.829999999572
"a2ef0d763b049895",1,710,NULL,NULL,739,NULL,739,8121.609999999966
"a2f5435e63872446",1,4400,5174,NULL,NULL,4130,1044,0
"a356acefea7da3cf",1,953,985,NULL,NULL,NULL,985,6885.149999999984
"a38cbafe946aeab8",10,5277,NULL,NULL,7162,7162,NULL,47120.37999999888
"a3b1c0f79460d7eb",1,4355,5129,NULL,NULL,4135,994,0
"a3f64fe1624d62cf",1,955,992,NULL,NULL,792,200,1974.0800000000067
"a40f09259de92794",1,1004,1044,NULL,NULL,853,191,5209.560000000009
"a4586e59fd986af8",1,4394,5244,NULL,NULL,4181,1063,0
"a4726bdb696412bf",4,2461,NULL,NULL,2830,2830,NULL,27658.699999999524
"a4753cbb4c18cadc",3,1953,NULL,2189,NULL,1743,446,22971.10999999966
"a53e35f4d27f718a",11,5749,NULL,NULL,7849,6316,1533,59017.51000000081
"a580c07d535c4833",1,4419,5271,NULL,NULL,4253,1018,0
"a5abc06f76d0388d",1,954,988,NULL,NULL,806,182,5918.120000000006
"a5cb29f3b46ac96c",5,3018,NULL,NULL,3572,NULL,3572,52030.27999999982
"a5dfb543c5729bf3",1,896,924,NULL,NULL,737,187,2762.760000000007
"a63dacdd6d2a0452",4,2427,NULL,NULL,2820,2264,556,10420.799999999763
"a683e96f06a25bb3",1,4461,5239,NULL,NULL,4219,1020,0
"a6e478bbe60ec88a",1,4380,5201,NULL,NULL,4176,1025,0
"a7790c7bf155058c",13,6440,NULL,NULL,9092,9092,NULL,46548.07999999834
"a79d1eba2734e474",1,990,1026,NULL,NULL,NULL,1026,5119.740000000008
"a79e0d352f7fa8bc",11,14485,11347,NULL,29883,NULL,41230,283647.170000034
"a7c37e21cdb3548e",7,3995,NULL,NULL,4948,3970,978,51193.51999999948
"a8037c7f51be019a",1,957,994,NULL,NULL,786,208,984.0600000000046
"a80733242c887e01",1,4418,5296,NULL,NULL,4266,1030,0
"a846a4cf110d731d",2,1297,NULL,NULL,1402,1126,276,4732.9800000000105
"a860678bfcb95225",16,7393,NULL,NULL,11236,9018,2218,74462.64000000455
"a87c267e09079f70",4,2382,NULL,NULL,2778,2228,550,25213.219999999554
"a97a0c4386d37a1f",12,13585,NULL,NULL,36146,28887,7259,345262.5400000676
"a98bdb4bbad933c2",10,5228,NULL,NULL,7114,5737,1377,59251.86000000083
"a9bb29d9f416db71",2,4984,NULL,NULL,6093,6093,NULL,48640.06999999893
"a9c3ebf8b63bbc8a",3,1865,NULL,NULL,2109,NULL,2109,14892.909999999736
"a9f4276daf68b837",3,1897,NULL,2174,NULL,1746,428,7340.259999999937
"aa5f654c3853f236",1,665,NULL,692,NULL,546,146,685.0800000000019
"aa8e5bbfc455ddd9",1,949,975,NULL,NULL,790,185,6815.249999999986
"aab54ff25362d24b",7,3968,NULL,NULL,4972,3897,1075,20738.27999999925
"ab1db59250296fd8",12,6063,NULL,NULL,8508,6769,1739,115385.9200000026
"abdc1f46b2527d5e",1,910,942,NULL,NULL,771,171,2816.580000000007
"abdf6f0166b63835",4,10760,10139,NULL,2120,9788,2471,38994.79999999962
"ac3c0ac1a0526510",3,1915,NULL,NULL,2164,1749,415,18681.35999999969
"ac9a932c88978938",1,4459,5311,NULL,NULL,4214,1097,0
"ac9b3b9697787ad8",7,3895,NULL,NULL,4874,3856,1018,49146.259999999376
"acbba5b8fb32a472",3,1917,NULL,NULL,2130,1747,383,23580.699999999662
"ad0aeebc89e8ad3c",1,960,989,NULL,NULL,786,203,9880.109999999924
"ad26f8dad598f4cc",1,4409,5243,NULL,NULL,4243,1000,0
"adcf26d13f27434b",1,4441,5278,NULL,NULL,4221,1057,0
"adea0450a1a80c95",1,4408,5214,NULL,NULL,4208,1006,0
"ae084079e337500c",1,938,968,NULL,NULL,773,195,958.3200000000044
"ae75ac1dedc6e96b",1,937,965,NULL,NULL,780,185,3850.3500000000076
"ae8007c2ef6c4941",1,4440,5263,NULL,NULL,4204,1059,0
"aea4161c40d9319b",2,1247,NULL,NULL,1343,1085,258,34229.56999999976
"aeb6c61b244fba5b",7,3965,NULL,NULL,4982,3967,1015,50698.17999999942
"af3ec838ff365166",1,943,967,NULL,NULL,786,181,8693.329999999944
"b02a1c918d927281",5,3003,NULL,NULL,3536,2820,716,30937.63999999939
"b03704a3db9860b8",3,1906,NULL,NULL,2128,2128,NULL,35930.71999999962
"b03ebaba7980cd27",9,4841,NULL,NULL,6386,5063,1323,89473.14000000394
"b09105921f3364f3",1,4356,5150,NULL,NULL,4145,1005,0
"b14821d749cca4fd",1,4355,5184,NULL,NULL,4147,1037,0
"b15c538aaa123f66",3,6745,NULL,NULL,8996,7196,1800,57263.040000000605
"b191fe3664a0c6a7",1,944,970,NULL,NULL,766,204,960.3000000000044
"b26efc077e1941f2",1,705,NULL,735,NULL,589,146,1462.6500000000044
"b27b6dd013e98aee",3,1925,NULL,NULL,2170,1702,468,30244.29999999963
"b30f05bb47b6503a",1,4374,5167,NULL,NULL,4155,1012,0
"b374dce1f78bd36d",1,694,NULL,NULL,724,574,150,716.7600000000022
"b37edab3735f97b2",14,6868,NULL,NULL,10052,8070,1982,71634.48000000372
"b3aee7c1086c0237",1,4423,5209,NULL,NULL,4163,1046,0
"b4a1ea45848add80",1,937,975,NULL,NULL,782,193,965.2500000000044
"b50c6eca9ce58ed0",7,3880,NULL,NULL,4874,4874,NULL,23848.259999999224
"b5343e581fa7e3bf",1,950,973,NULL,NULL,752,221,2909.2700000000077
"b55aeefb7b87c7dd",2,1333,NULL,NULL,1449,1153,296,6425.509999999993
"b5802f5ce77ebba0",1,4437,5240,NULL,NULL,4207,1033,0
"b5c004027abdefed",1,919,941,NULL,NULL,733,208,2813.5900000000074
"b5f4bb38cb4b7475",1,910,940,NULL,NULL,940,NULL,7510.599999999969
"b6fda029507b3d01",5,2935,NULL,NULL,3512,2799,713,22065.879999999455
"b7a74c9acf4d0313",7,3913,NULL,4934,NULL,3932,1002,26872.659999999178
"b83235e5dac547f2",1,4395,5177,NULL,NULL,4135,1042,0
"b8663b656f80eea1",5,2915,NULL,3512,NULL,2797,715,23907.87999999944
"b878ef94fa3ff1ca",1,4487,5257,NULL,NULL,5257,NULL,0
"b8ae88e2761e28f2",1,946,977,NULL,NULL,786,191,2921.2300000000077
"b8e6ef3f0dde088c",2,1292,NULL,NULL,1402,1118,284,7913.979999999936
"b8fc344896ae37e6",1,4453,5267,NULL,NULL,4225,1042,0
"b9785f1c0dde4c53",2,1296,NULL,NULL,1424,1158,266,4974.760000000012
"ba085f3f7d694e44",8,4447,NULL,NULL,5692,4626,1066,35513.079999998976
"ba389157d6346b72",1,940,968,NULL,NULL,772,196,1926.3200000000065
"ba3f1ae2d4a31cdb",1,649,NULL,NULL,670,550,120,7363.299999999981
"baaa360300cec0d9",5,3017,NULL,NULL,3618,2896,722,33789.81999999937
"babe89fead29756e",2,1294,NULL,NULL,1394,1095,299,9218.059999999903
"bb0389e83722b061",1,604,NULL,NULL,634,519,115,13941.659999999923
"bb101ff9b8d31bf2",4,2396,NULL,NULL,2792,2249,543,40086.07999999949
"bb25a7b8e36b65f3",1,928,959,NULL,NULL,761,198,1908.4100000000062
"bb94cd5fcdb1018a",6,3465,NULL,NULL,4219,3390,829,35003.80999999924
"bb9801b1e29f6c48",1,937,968,NULL,NULL,968,NULL,1926.3200000000065
"bb9c7f7beeedec38",11,5664,NULL,NULL,7794,6270,1524,45040.05999999857
"bcaee8c4a49d3fb2",9,4865,NULL,6367,NULL,5090,1277,63050.330000001275
"be42e01f942732c5",7,3991,NULL,NULL,5004,4035,969,51864.95999999958
"bf701af2ab7acb4e",7,3969,NULL,NULL,4964,3946,1018,54701.35999999995
"c04a3d6af16bf599",1,4411,5218,NULL,NULL,4204,1014,0
"c06e16251214ebcd",1,4359,5145,NULL,NULL,4082,1063,0
"c0a1f95706fec549",1,4449,5255,NULL,NULL,4227,1028,0
"c0a29b8e64d675e6",1,894,930,NULL,NULL,741,189,920.700000000004
"c0f12acbfe4da589",2,1297,NULL,NULL,1415,1140,275,10521.84999999988
"c103b6fdd707194f",1,929,957,NULL,NULL,766,191,947.4300000000043
"c110e64f6e5a681e",2,1303,NULL,NULL,1438,1131,307,10146.619999999886
"c1227e9b97633266",1,711,NULL,NULL,751,609,142,5249.490000000006
"c17170ac3e95fd62",1,934,969,NULL,NULL,773,196,8711.309999999943
"c17722a91512b8e2",2,1302,NULL,NULL,1410,1141,269,7776.899999999943
"c1e2d965b59f9f1a",1,4493,5295,NULL,NULL,5295,NULL,0
"c20a1b6d13c097f9",6,3544,NULL,NULL,4339,3441,898,26290.60999999928
"c2191319a2d3934f",4,2453,NULL,NULL,2849,2271,578,20701.509999999573
"c220760b7bf6df97",1,669,NULL,NULL,703,571,132,3507.970000000005
"c233aadbf1ce104a",4,2463,NULL,NULL,2831,2831,NULL,24313.68999999954
"c28ab3d67cb29dc6",2,1356,NULL,1487,NULL,1180,307,25994.129999999757
"c29142dded68ae20",1,968,1000,NULL,NULL,804,196,1990.0000000000068
"c30da6ad5539b1ea",1,928,962,NULL,NULL,774,188,2876.3800000000074
"c31b6ffb3bc47d7f",6,13558,11349,NULL,15048,21139,5258,290241.52000001865
"c385388ecaf3b88a",1,978,1012,NULL,NULL,798,214,2013.880000000007
"c4495ba4b5eb8587",1,971,999,NULL,NULL,794,205,7982.009999999957
"c468c1ba007914f3",1,2799,NULL,NULL,3092,2498,594,33981.079999999456
"c495bcb878faffaa",2,1322,NULL,NULL,1439,NULL,1439,7178.609999999965
"c4b5178d64598175",5,2974,NULL,NULL,3569,2828,741,14359.309999999576
"c54d1546271d5490",1,957,987,NULL,NULL,798,189,1964.1300000000065
"c59ae2aa73c40993",1,980,1005,NULL,NULL,1005,NULL,1999.9500000000066
"c5b955ae46b2c111",1,666,NULL,NULL,693,NULL,693,11081.069999999936
"c6452dd415840aa2",8,4431,NULL,NULL,5710,4578,1132,28792.899999999023
"c70a8fe179c72193",1,4419,5252,NULL,NULL,4159,1093,0
"c7140980312cf4ca",4,2482,NULL,NULL,2888,2318,570,9916.119999999773
"c72667ed4e316f69",1,906,942,NULL,NULL,731,211,2816.580000000007
"c72f4fd2436b2d38",3,1917,NULL,NULL,2135,1714,421,9992.64999999983
"c76c8b75f3d8cc68",1,4406,5185,NULL,NULL,4106,1079,0
"c7bc15f97de0b94b",6,3470,NULL,NULL,4260,NULL,4260,18569.399999999383
"c7cc0f220ceb1d25",1,4469,5283,NULL,NULL,4239,1044,0
"c7dc3a66def69dc4",3,1911,NULL,NULL,2166,1723,443,27164.33999999964
"c832931b4b0ab8ce",1,4427,5234,NULL,NULL,4192,1042,0
"c86f3d0d5ab344ab",1,930,956,NULL,NULL,956,NULL,4770.440000000008
"c87e13ecebec7972",1,4428,5262,NULL,NULL,4249,1013,0
"c968a91bdff4bef5",3,1879,NULL,2114,NULL,NULL,2114,7105.859999999953
"c9b5cbb39330d3f9",3,1901,NULL,NULL,2158,1698,460,13782.419999999749
"c9d0872a39caed37",15,7219,NULL,NULL,10847,8616,2231,56811.530000000545
"ca0453157fe22ed6",6,3514,NULL,4314,NULL,NULL,4314,22267.85999999933
"ca27bba6956ca498",6,3526,NULL,NULL,4295,4295,NULL,51787.049999999654
"ca4ae11c1f50b6c3",1,4405,5233,NULL,NULL,5233,NULL,0
"ca5dc82d04f379c8",4,2453,NULL,NULL,2863,2284,579,35056.369999999486
"ca75e0515e275b0d",2,1310,NULL,1426,NULL,1145,281,12819.739999999845
"ca7bbfcee4647cd8",1,949,981,NULL,NULL,793,188,2933.190000000008
"ca7c32292bc64cd2",1,650,NULL,NULL,680,539,141,2033.2000000000048
"cb6306303ae16358",1,4475,5340,NULL,NULL,4299,1041,0
"cba1ee3c54275d29",4,2484,NULL,NULL,2846,2218,628,28952.539999999517
"cbc91ad6d44c9e6d",1,915,944,NULL,NULL,753,191,3766.560000000007
"cbda229e86c2428e",1,920,951,NULL,NULL,778,173,941.4900000000042
"cc1aac28059a9c73",14,6781,NULL,NULL,9931,7994,1937,125831.69000000125
"cc4caa1184ff03b7",4,2449,NULL,NULL,2837,2237,600,8360.62999999986
"cc6c4cb7c09136bf",1,729,NULL,NULL,759,614,145,2269.4100000000053
"cc7ca08a5f5a5e79",10,5450,NULL,NULL,7314,5833,1481,76890.86000000329
"cd356a8d2d95c08e",1,4329,5171,NULL,NULL,NULL,5171,0
"cd3cf065f3886fd2",1,2691,NULL,NULL,2994,2396,598,11946.059999999696
"cd81b1fc0e193cc9",8,4462,NULL,5747,NULL,4575,1172,50806.52999999946
"cd850fd8019a657a",5,2966,NULL,NULL,3564,3564,NULL,61473.36000000057
"cdddeb6475a8c261",3,1904,NULL,2155,NULL,1742,413,2867.450000000016
"cdf81f312f26ec74",2,1295,NULL,NULL,1412,1129,283,15807.879999999815
"cdffc81f47df79a5",1,917,936,NULL,NULL,740,196,926.6400000000041
"ce2ab2a8106d9740",6,3508,NULL,4328,NULL,3478,850,19422.719999999368
"ce4fd626d2284daf",1,897,928,NULL,NULL,722,206,2774.720000000007
"ceac463c48472b1d",2,1342,NULL,NULL,1453,1174,279,2891.4700000000107
"cedf4b9785c40374",8,4384,NULL,NULL,5610,4492,1118,102252.90000000317
"ceecfb07af671b3b",1,968,991,NULL,NULL,773,218,2963.0900000000074
"cf007e815cfbc1f1",3,1917,NULL,NULL,2139,2139,NULL,9199.609999999855
"cf76621906b24a65",1,924,953,NULL,NULL,NULL,953,5708.4700000000075
"cff5fd99734a038d",1,4425,5278,NULL,NULL,4201,1077,0
"d058e0f5fc7197d1",5,3002,NULL,NULL,3516,2844,672,14898.839999999564
"d088ca197b2f7865",4,2417,NULL,NULL,2795,2286,509,20285.04999999958
"d09a4e85add0bf9b",3,6700,NULL,NULL,9023,7238,1785,75342.77000000395
"d0e81a4325d7c921",1,921,959,NULL,NULL,959,NULL,1908.4100000000062
"d0ed5d4e6ebcb589",1,890,918,NULL,NULL,740,178,5498.820000000007
"d1542c62cf27fe61",7,3805,NULL,NULL,4770,3837,933,65860.30000000127
"d19de374b9e334d2",1,872,895,NULL,NULL,706,189,1781.0500000000056
"d1a00e6b087de03e",1,944,975,NULL,NULL,975,NULL,965.2500000000044
"d1cf7d6762a02f54",1,936,964,NULL,NULL,775,189,2882.3600000000074
"d1fa2e452e918e05",4,8185,NULL,NULL,11959,9671,2288,119231.41000000274
"d2072e180786aa7b",16,7400,NULL,NULL,11266,8939,2327,81505.34000000589
"d20b81af4915b8b3",7,3890,NULL,NULL,4902,NULL,4902,61064.98000000078
"d2688979bb60d586",1,927,960,NULL,NULL,765,195,3830.400000000008
"d2ad95507ef6ddf1",1,930,954,NULL,NULL,767,187,7622.459999999966
"d2b343847bf29186",7,3892,NULL,NULL,4866,3892,974,22452.33999999924
"d2bde35599e0dae9",17,7682,NULL,NULL,11860,9505,2355,99703.40000000666
"d348500620ba98ec",1,4413,5252,NULL,NULL,4194,1058,0
"d36ca1e70f07c214",1,929,954,NULL,NULL,954,NULL,1898.4600000000064
"d37fee1a15ba8ecd",2,1298,NULL,NULL,1431,1143,288,11961.68999999985
"d3b4784a2955d279",4,2466,NULL,NULL,2851,2273,578,38936.48999999948
"d44e56b18c1f7a96",1,924,955,NULL,NULL,766,189,4765.450000000008
"d48fbace915d51e3",12,6030,NULL,NULL,8404,6730,1674,84657.96000000474
"d49c9d707ed6f383",1,961,990,NULL,NULL,784,206,1970.1000000000067
"d4b0de9c212ba091",1,907,945,NULL,NULL,760,185,3770.550000000007
"d4c95a9d78a01f52",1,900,927,NULL,NULL,NULL,927,1844.730000000006
"d539a4e5d68ae202",1,990,1016,NULL,NULL,789,227,4053.840000000008
"d601ba7700aec717",1,4335,5163,NULL,NULL,4138,1025,0
"d60888e80f1e7ccd",1,954,988,NULL,NULL,778,210,2954.1200000000076
"d6aac1f6a0f133ba",3,1854,NULL,NULL,2116,1710,406,6361.839999999985
"d6f8179b4d08369b",2,1255,NULL,NULL,1368,1116,252,22792.31999999979
"d7867d66602ea029",1,1014,1039,NULL,NULL,NULL,1039,3106.610000000008
"d79a2328cd3bd23f",23,9376,NULL,NULL,16331,13087,3244,67149.69000000478
"d81489a3bf4c0ec2",4,2468,NULL,NULL,2880,2287,593,16654.19999999961
"d840574e2145d0a4",1,924,955,NULL,NULL,786,169,945.4500000000043
"d862535438d4314c",1,950,989,NULL,NULL,800,189,4935.110000000008
"d86bbe4544605718",1,4349,5109,NULL,NULL,4094,1015,0
"d8a6e99964f2e8de",12,6087,NULL,NULL,8522,NULL,8522,61524.780000001505
"d8fc1800e07eae10",1,4535,5358,NULL,NULL,NULL,5358,0
"d943a66c88ec146a",19,8354,NULL,NULL,13615,NULL,13615,80093.85000000699
"d97771dfca471b80",16,13390,11927,NULL,10766,NULL,22693,106086.34000000489
"d994b2f316c8d7a4",7,4073,NULL,NULL,5113,4110,1003,30017.869999999122
"d9ac236641bd3859",3,12901,11943,NULL,6030,14308,3665,15101.699999999244
"d9d77733c0e7888e",5,2930,NULL,NULL,3501,2833,668,17689.989999999518
"d9f710f23002d173",1,702,NULL,NULL,729,581,148,1450.7100000000044
"da7225a9015a77c6",2,1349,NULL,NULL,1476,1193,283,7285.239999999955
"da85c0eb33fe4edb",2,1249,NULL,NULL,1357,NULL,1357,36603.42999999976
"daf6b4d544148863",1,951,985,NULL,NULL,NULL,985,2945.150000000008
"db0d71b9256f9cfe",5,2934,NULL,NULL,3522,2798,724,22660.779999999453
"db0dcf2a79c255a0",11,5741,NULL,NULL,7965,6358,1607,49015.34999999925
"db7594100bb99a76",1,4417,5229,NULL,NULL,NULL,5229,0
"dbd5d7f409185451",1,679,NULL,NULL,703,703,NULL,695.970000000002
"dbfe06aef68805a7",6,10366,NULL,NULL,18028,14420,3608,210697.71999999502
"dcaa9ca9e6096608",1,4400,5212,NULL,NULL,4165,1047,0
"dcdf2cc989b54026",1,4510,5302,NULL,NULL,4270,1032,0
"dd1f5b602b25638b",1,939,975,NULL,NULL,NULL,975,5840.250000000007
"dd6a01323fd720a5",1,935,970,NULL,NULL,787,183,1930.3000000000065
"dd7a8c552d6d91a3",3,1862,NULL,NULL,2097,1684,413,13065.029999999766
"ddb2341dda297c44",7,4039,NULL,NULL,5048,3979,1069,88570.52000000297
"de248476eec31bf2",1,974,1015,NULL,NULL,802,213,1004.8500000000048
"de2b624839ee027c",21,8846,NULL,NULL,14870,11951,2919,173010.2999999928
"de8f0fb93ad70d34",1,623,NULL,NULL,652,652,NULL,7165.479999999985
"dea3a289e0084b0f",1,4345,5163,NULL,NULL,4103,1060,0
"dec312cdb552593d",1,906,942,NULL,NULL,759,183,2816.580000000007
"df41d8388e669ab6",1,652,NULL,NULL,686,561,125,2051.140000000005
"df4657e0048e5722",1,4396,5234,NULL,NULL,4142,1092,0
"df551a2f6abaaffa",1,925,954,NULL,NULL,747,207,2852.4600000000073
"df67418799a1e8df",3,1930,NULL,NULL,2182,2182,NULL,7922.179999999904
"df7b4ced5c83169e",1,958,992,NULL,NULL,804,188,982.0800000000046
"dfb4b79ebaa2f9b2",2,1336,NULL,NULL,1444,1124,320,6408.559999999998
"dfd352591580a035",1,900,929,NULL,NULL,742,187,8351.709999999952
"e0bbb30580ea34c9",1,939,977,NULL,NULL,977,NULL,3898.2300000000077
"e10dfa76adb1bd5f",1,911,948,NULL,NULL,752,196,1886.5200000000063
"e123cbb10a54aa5f",1,941,973,NULL,NULL,NULL,973,3882.2700000000077
"e1e6453e0f17dd74",2,1267,NULL,1374,NULL,1121,253,6616.259999999987
"e1eb074d7ca01bfe",2,1313,NULL,NULL,1411,NULL,1411,15540.889999999818
"e208e2fe0a6dbcf8",4,2471,NULL,NULL,2854,2854,NULL,8547.459999999845
"e23a29e2bf759dec",4,11715,11193,NULL,2229,10722,2700,32974.70999999961
"e26b4e858f93f11a",1,935,965,NULL,NULL,764,201,1920.3500000000063
"e31a84e5e3e362bf",1,956,1000,NULL,NULL,1000,NULL,6989.999999999981
"e3b34ba5231a7b93",1,4283,5069,NULL,NULL,4024,1045,0
"e3bc91e4ba01fadb",1,1026,1064,NULL,NULL,853,211,1053.3600000000051
"e4aaf97659d9ff80",1,657,NULL,NULL,684,546,138,2729.1600000000053
"e56337be54bd19a6",1,958,991,NULL,NULL,NULL,991,2963.0900000000074
"e590d9cfbdbbb3f5",1,4308,5109,NULL,NULL,4126,983,0
"e59d81210fdc5594",1,2649,NULL,NULL,2946,2342,604,8808.539999999823
"e5e607d3e6dbd5c7",5,2967,NULL,NULL,3586,2852,734,40262.13999999934
"e62d85dd802ada6e",1,910,938,NULL,NULL,770,168,928.6200000000041
"e6642c5d55c56fa4",4,2454,NULL,NULL,2827,2276,551,41812.72999999948
"e6b4472766966caf",1,704,NULL,NULL,733,NULL,733,725.6700000000022
"e7789212c7ae3a27",1,4433,5286,NULL,NULL,4202,1084,0
"e7af6f3a846f8675",1,4376,5208,NULL,NULL,5208,NULL,0
"e7d57aaaa0629317",1,4385,5201,NULL,NULL,4171,1030,0
"e7da5fe8f0593d50",1,933,967,NULL,NULL,782,185,957.3300000000044
"e81506bee4ed252e",1,4423,5213,NULL,NULL,4126,1087,0
"e892d3456058865d",1,953,985,NULL,NULL,802,183,975.1500000000045
"e8c13c46a8bc12fb",7,3851,NULL,4836,NULL,3865,971,29151.639999999163
"e8c36fa5ae1d700e",1,930,954,NULL,NULL,788,166,944.4600000000042
"e8c91d9bf4be70d3",1,965,1000,NULL,NULL,NULL,1000,990.0000000000047
"e8cbca5fb417cec4",3,1872,NULL,NULL,2108,1701,407,17774.9199999997
"e8ce3b65a62abd9f",1,2772,NULL,NULL,3060,2489,571,15269.39999999961
"e9664bc5ef1e0853",17,7691,NULL,NULL,11913,9518,2395,77072.87000000566
"ea24524eb63ecb5b",12,6011,NULL,8411,NULL,6734,1677,46899.88999999874
"ea52421793da449a",1,914,947,NULL,NULL,763,184,8513.529999999948
"eaa4a199c348217b",1,4381,5188,NULL,NULL,5188,NULL,0
"eaa9e6ffcb8e5cf9",1,4419,5295,NULL,NULL,4216,1079,0
"eae5d0646d848269",1,924,956,NULL,NULL,775,181,6682.4399999999905
"eb04aa12f354f3af",8,4497,NULL,NULL,5706,4576,1130,72071.94000000214
"eb31050619504a24",5,2999,NULL,NULL,3589,3589,NULL,29524.10999999939
"ec11e2fc4f30263a",1,670,NULL,NULL,701,560,141,693.9900000000019
"ec2737eea22b1fc6",1,4416,5223,NULL,NULL,4190,1033,0
"ec606658088ac5a1",2,1281,NULL,NULL,1374,1101,273,5446.260000000011
"eca5ead6e19052d4",3,1859,NULL,NULL,2080,1670,410,21297.19999999968
"ecf4f3143371404f",7,3994,NULL,NULL,5001,4012,989,46420.98999999922
"ed1de82f36301e6a",1,4406,5213,NULL,NULL,5213,NULL,0
"ed4dd6eaa31b07ac",1,4414,5222,NULL,NULL,NULL,5222,0
"ed8564854af62917",1,674,NULL,NULL,702,702,NULL,3502.980000000005
"ee013dcbf9ecc2b1",4,2361,NULL,NULL,2762,2225,537,15182.379999999652
"ee0cf836d1b003e1",1,4401,5203,NULL,NULL,4188,1015,0
"ee14a34dc4a60c90",1,4434,5250,NULL,NULL,4217,1033,0
"ee185f326a34b3ad",3,1855,NULL,2057,NULL,1617,440,8811.429999999871
"ee2a023f41d7ffed",4,2446,NULL,NULL,2854,NULL,2854,38049.45999999948
"ee4e8290e7622e10",1,4426,5267,NULL,NULL,4260,1007,0
"ef5b3f7ba2bb430f",1,671,NULL,NULL,701,568,133,2796.9900000000052
"efa691152c98d2f2",1,4293,5114,NULL,NULL,4092,1022,0
"efd255fcbe2c2aa1",1,4414,5186,NULL,NULL,4133,1053,0
"f02a70e50c091d51",2,1258,NULL,NULL,1376,1109,267,11652.239999999862
"f080bd7fee2d162e",5,2914,NULL,NULL,3517,3517,NULL,29707.829999999394
"f0ace4e2c548bd06",7,4065,NULL,NULL,5100,4053,1047,17891.999999999276
"f17a840e841dfce3",1,1024,1059,NULL,NULL,849,210,1048.4100000000053
"f1865ca28f393dd2",1,4380,5210,NULL,NULL,4117,1093,0
"f1cfe5d1c8d96218",1,930,968,NULL,NULL,759,209,958.3200000000044
"f1e302e9519fe3a4",1,4413,5209,NULL,NULL,4173,1036,0
"f250e81b844fbf08",1,963,981,NULL,NULL,799,182,3914.190000000008
"f2818dcfc8d35aa6",1,649,NULL,NULL,684,550,134,4097.160000000005
"f2d4dd06e9267e20",1,4443,5256,NULL,NULL,4248,1008,0
"f313fa276b4491ac",9,4883,NULL,6361,NULL,5048,1313,35391.38999999887
"f354bba9b7b1b14a",1,4436,5248,NULL,NULL,4306,942,0
"f35500852440f20d",3,1938,NULL,NULL,2166,1750,416,9340.339999999851
"f38107d2dd17b600",9,4863,NULL,NULL,6448,5155,1293,31623.519999998898
"f3bf8d0fc8a5d88c",4,2417,NULL,2793,NULL,2244,549,18970.069999999596
"f3e3764e4293b029",1,1011,1048,NULL,NULL,828,220,4181.520000000008
"f43fe3290d155ca5",1,971,1005,NULL,NULL,791,214,1999.9500000000066
"f4801ac3a7d97a5f",12,6177,NULL,8610,NULL,6897,1713,42343.8999999984
"f4b9de2c02b2c24e",1,715,NULL,754,NULL,594,160,1500.4600000000046
"f505cf1d2cb8460b",1,920,958,NULL,NULL,758,200,2864.4200000000073
"f50ccbbb4180f0d8",3,1859,NULL,NULL,2118,2118,NULL,3524.820000000017
"f548e93e7736912b",1,650,NULL,NULL,684,545,139,4097.160000000005
"f572617dd6cd6c08",1,4401,5242,NULL,NULL,4213,1029,0
"f5b885ec1b869c8e",1,4443,5274,NULL,NULL,4242,1032,0
"f6062f548d113d91",1,670,NULL,NULL,697,NULL,697,690.0300000000019
"f624a1394e01aba2",1,4344,5182,NULL,NULL,4119,1063,0
"f6b304462566ea1e",1,678,NULL,NULL,707,NULL,707,8476.929999999962
"f6f070ed1d1be2c6",1,896,936,NULL,NULL,741,195,3734.6400000000067
"f71230760839d1f6",10,5381,NULL,NULL,7181,5706,1475,52789.18999999958
"f73b1ea01585677c",1,4380,5200,NULL,NULL,4108,1092,0
"f74a56b6d583d201",1,958,994,NULL,NULL,777,217,8936.059999999938
"f79cbce90893fa14",5,3018,NULL,NULL,3548,2861,687,31088.519999999386
"f7a342a35d05df0c",1,4417,5208,NULL,NULL,5208,NULL,0
"f7cc469e7541874c",1,4464,5283,NULL,NULL,4236,1047,0
"f7f4b2ca2f2108af",1,4354,5169,NULL,NULL,5169,NULL,0
"f80ccc785402a770",6,3586,NULL,NULL,4382,3480,902,39111.1799999992
"f8517615046b67c7",1,4363,5179,NULL,NULL,4123,1056,0
"f8ae47ab2bbf1ee9",1,947,972,NULL,NULL,778,194,1934.2800000000066
"f8b4ffa171c8aaac",3,1969,NULL,NULL,2208,NULL,2208,10963.919999999796
"f933d2065b36f336",1,904,938,NULL,NULL,767,171,4680.620000000007
"f9b83a2ac1f691e7",1,4392,5207,NULL,NULL,4143,1064,0
"f9ec3c4b366fa9c0",1,4470,5342,NULL,NULL,4292,1050,0
"fa9e1b602b98253f",1,970,1006,NULL,NULL,783,223,4013.940000000008
"fad88c26eb6b3dd9",4,2426,NULL,NULL,2792,NULL,2792,26683.079999999536
"fafb338ae6e264b0",1,4450,5217,NULL,NULL,4198,1019,0
"fb1ed373a9dde8e4",1,4444,5248,NULL,NULL,4201,1047,0
"fb593aa93f4960f2",1,4388,5216,NULL,NULL,4129,1087,0
"fb9068af35feafb7",1,4297,5066,NULL,NULL,4104,962,0
"fbc4ab28140576cf",1,1000,1039,NULL,NULL,843,196,1028.6100000000051
"fbc873de37141938",9,4762,NULL,NULL,6284,5006,1278,31608.159999998912
"fbd730b7ddb985a1",1,677,NULL,NULL,709,563,146,12754.909999999922
"fc75c4bf27795980",1,973,1006,NULL,NULL,792,214,995.9400000000047
"fc97c1357e7c1052",1,4386,5205,NULL,NULL,4186,1019,0
"fd1300344f235a46",1,944,983,NULL,NULL,812,171,7854.16999999996
"fd30eb3e95d0d394",2,1335,NULL,NULL,1449,1170,279,6507.509999999995
"fd88fd9912c80686",11,5680,NULL,NULL,7853,6355,1498,95517.47000000472
"fda11593367d9803",1,977,1008,NULL,NULL,824,184,6037.9200000000055
"fdcfd626d89ec46f",1,1009,1048,NULL,NULL,845,203,3133.520000000008
"fe1334e562466fd3",4,2370,NULL,NULL,2773,2218,555,18422.269999999604
"fe4f8f9625991f98",1,956,981,NULL,NULL,756,225,7838.1899999999605
"fea0e9ec4ba5dfb0",1,927,951,NULL,NULL,761,190,6647.489999999992
"fef20cb95a45d053",1,962,994,NULL,NULL,783,211,3966.0600000000077
"ff0e2aceea49b8f0",2,1309,NULL,NULL,1421,1143,278,2748.790000000011
"ff2a145e057177ab",1,4369,5199,NULL,NULL,4155,1044,0
"ff6a79a3254d8ad5",1,905,933,NULL,NULL,759,174,923.670000000004
"ffd7434ea4ae2f5e",1,917,947,NULL,NULL,768,179,4725.530000000007
